mean_fit_time,std_fit_time,mean_score_time,std_score_time,param_regressor__histgradientboostingregressor__min_samples_leaf,param_regressor__histgradientboostingregressor__max_leaf_nodes,param_regressor__histgradientboostingregressor__max_iter,param_regressor__histgradientboostingregressor__learning_rate,param_regressor__histgradientboostingregressor__l2_regularization,params,split0_test_score,split1_test_score,split2_test_score,split3_test_score,split4_test_score,mean_test_score,std_test_score,rank_test_score
2.6413949489593507,0.08785814974042237,0.1822359085083008,0.013594079634136185,20,127,500,0.05,10.0,"{'regressor__histgradientboostingregressor__min_samples_leaf': 20, 'regressor__histgradientboostingregressor__max_leaf_nodes': 127, 'regressor__histgradientboostingregressor__max_iter': 500, 'regressor__histgradientboostingregressor__learning_rate': 0.05, 'regressor__histgradientboostingregressor__l2_regularization': 10.0}",0.624460953870403,0.5143259043604916,0.36506995041124257,0.6262793749454689,0.5216652147655383,0.5303602796706288,0.09561276903757394,23
0.7879727840423584,0.029209888569036613,0.08705921173095703,0.001802280234368851,20,31,500,0.1,0.1,"{'regressor__histgradientboostingregressor__min_samples_leaf': 20, 'regressor__histgradientboostingregressor__max_leaf_nodes': 31, 'regressor__histgradientboostingregressor__max_iter': 500, 'regressor__histgradientboostingregressor__learning_rate': 0.1, 'regressor__histgradientboostingregressor__l2_regularization': 0.1}",0.6046283243111343,0.5035797017750459,0.3646611040398041,0.6710784293114216,0.48991081771291345,0.5267716754300639,0.10494048296143925,25
0.14089617729187012,0.015503238422699255,0.02237811088562012,0.002088329664252724,20,15,100,0.05,10.0,"{'regressor__histgradientboostingregressor__min_samples_leaf': 20, 'regressor__histgradientboostingregressor__max_leaf_nodes': 15, 'regressor__histgradientboostingregressor__max_iter': 100, 'regressor__histgradientboostingregressor__learning_rate': 0.05, 'regressor__histgradientboostingregressor__l2_regularization': 10.0}",0.615288034647054,0.588842446781576,0.46455461619157634,0.7084812671051279,0.598280484401268,0.5950893698253205,0.0779156436093147,1
0.2879780769348145,0.009477925386211797,0.056242513656616214,0.0026293048720840186,100,15,300,0.1,10.0,"{'regressor__histgradientboostingregressor__min_samples_leaf': 100, 'regressor__histgradientboostingregressor__max_leaf_nodes': 15, 'regressor__histgradientboostingregressor__max_iter': 300, 'regressor__histgradientboostingregressor__learning_rate': 0.1, 'regressor__histgradientboostingregressor__l2_regularization': 10.0}",0.6028949582147338,0.5358812292894618,0.34259351585592357,0.6659277687760381,0.5220536572396882,0.5338702258751692,0.10856708850881032,21
1.3954774856567382,0.03594376989952079,0.1676640510559082,0.004106769936858287,50,63,500,0.05,1.0,"{'regressor__histgradientboostingregressor__min_samples_leaf': 50, 'regressor__histgradientboostingregressor__max_leaf_nodes': 63, 'regressor__histgradientboostingregressor__max_iter': 500, 'regressor__histgradientboostingregressor__learning_rate': 0.05, 'regressor__histgradientboostingregressor__l2_regularization': 1.0}",0.600267350273533,0.47299158691463106,0.33088838613109983,0.6203751455557518,0.5000729177886425,0.5049190773327317,0.10368310202646777,37
0.5274600982666016,0.011012313228580378,0.032458925247192384,0.00036012643298179934,20,127,100,0.03,0.1,"{'regressor__histgradientboostingregressor__min_samples_leaf': 20, 'regressor__histgradientboostingregressor__max_leaf_nodes': 127, 'regressor__histgradientboostingregressor__max_iter': 100, 'regressor__histgradientboostingregressor__learning_rate': 0.03, 'regressor__histgradientboostingregressor__l2_regularization': 0.1}",0.6185041847732655,0.5319674431048802,0.43059121308129067,0.6745025874547301,0.5779209837602919,0.5666972824348917,0.08265946315641745,10
0.10448856353759765,0.004355682288407586,0.021238994598388673,0.0014404663953483249,50,15,100,0.1,0.0,"{'regressor__histgradientboostingregressor__min_samples_leaf': 50, 'regressor__histgradientboostingregressor__max_leaf_nodes': 15, 'regressor__histgradientboostingregressor__max_iter': 100, 'regressor__histgradientboostingregressor__learning_rate': 0.1, 'regressor__histgradientboostingregressor__l2_regularization': 0.0}",0.6216889918656257,0.5654748834900364,0.3893674795539044,0.7228050529530905,0.5607599957198497,0.5720192807165013,0.10838331090740533,7
0.09573993682861329,0.003080809847176898,0.018439435958862306,0.0013474069988205135,20,15,100,0.2,0.1,"{'regressor__histgradientboostingregressor__min_samples_leaf': 20, 'regressor__histgradientboostingregressor__max_leaf_nodes': 15, 'regressor__histgradientboostingregressor__max_iter': 100, 'regressor__histgradientboostingregressor__learning_rate': 0.2, 'regressor__histgradientboostingregressor__l2_regularization': 0.1}",0.6250536283635556,0.5226993270958131,0.3598445837483829,0.7111327626592943,0.5194604482980261,0.5476381500330143,0.11781850104752065,16
1.2394096851348877,0.04690221246289922,0.11390228271484375,0.004851517125292316,20,63,500,0.2,1.0,"{'regressor__histgradientboostingregressor__min_samples_leaf': 20, 'regressor__histgradientboostingregressor__max_leaf_nodes': 63, 'regressor__histgradientboostingregressor__max_iter': 500, 'regressor__histgradientboostingregressor__learning_rate': 0.2, 'regressor__histgradientboostingregressor__l2_regularization': 1.0}",0.609122902261505,0.4851162683813012,0.33410191195017636,0.641217102007485,0.5137463856080826,0.51666091404171,0.10806924781510303,32
0.1540304183959961,0.005061310105090496,0.02117915153503418,0.0010671046853782994,20,31,100,0.2,0.0,"{'regressor__histgradientboostingregressor__min_samples_leaf': 20, 'regressor__histgradientboostingregressor__max_leaf_nodes': 31, 'regressor__histgradientboostingregressor__max_iter': 100, 'regressor__histgradientboostingregressor__learning_rate': 0.2, 'regressor__histgradientboostingregressor__l2_regularization': 0.0}",0.604332953004868,0.5296989799593108,0.34985004060520974,0.7028483069864615,0.5345729270267336,0.5442606415165168,0.11563745569044508,18
0.8746179580688477,0.03206648628368111,0.15213160514831542,0.005442869459887627,200,63,500,0.05,10.0,"{'regressor__histgradientboostingregressor__min_samples_leaf': 200, 'regressor__histgradientboostingregressor__max_leaf_nodes': 63, 'regressor__histgradientboostingregressor__max_iter': 500, 'regressor__histgradientboostingregressor__learning_rate': 0.05, 'regressor__histgradientboostingregressor__l2_regularization': 10.0}",0.6251164066714612,0.5016435611959029,0.2104159356986227,0.6570574713095553,0.5133045628418456,0.5015075875434775,0.15770126403719503,39
0.4837667942047119,0.005373999721115726,0.062391042709350586,0.0019169458218433872,20,31,300,0.03,0.1,"{'regressor__histgradientboostingregressor__min_samples_leaf': 20, 'regressor__histgradientboostingregressor__max_leaf_nodes': 31, 'regressor__histgradientboostingregressor__max_iter': 300, 'regressor__histgradientboostingregressor__learning_rate': 0.03, 'regressor__histgradientboostingregressor__l2_regularization': 0.1}",0.6270640997267198,0.5536630704026605,0.3561257126193733,0.7114328669465025,0.5400085316975148,0.5576588562785542,0.11781904975914506,12
0.1626433849334717,0.009360678942330778,0.02560596466064453,0.0009977453822225873,200,31,100,0.03,0.1,"{'regressor__histgradientboostingregressor__min_samples_leaf': 200, 'regressor__histgradientboostingregressor__max_leaf_nodes': 31, 'regressor__histgradientboostingregressor__max_iter': 100, 'regressor__histgradientboostingregressor__learning_rate': 0.03, 'regressor__histgradientboostingregressor__l2_regularization': 0.1}",0.6003395519633172,0.5318814212200291,0.4691086315691868,0.6967132721980811,0.5767134507759917,0.574951265545321,0.07553983228118394,6
0.8549816131591796,0.02646849800663438,0.15731568336486818,0.018135934582031284,50,63,300,0.05,0.1,"{'regressor__histgradientboostingregressor__min_samples_leaf': 50, 'regressor__histgradientboostingregressor__max_leaf_nodes': 63, 'regressor__histgradientboostingregressor__max_iter': 300, 'regressor__histgradientboostingregressor__learning_rate': 0.05, 'regressor__histgradientboostingregressor__l2_regularization': 0.1}",0.6005401030550382,0.4753038514957526,0.3317407255166084,0.6137082579420343,0.5209467021214468,0.508447928026176,0.10202047866701906,36
1.3621633052825928,0.03605436572193022,0.11976499557495117,0.010334859777972554,20,63,500,0.2,10.0,"{'regressor__histgradientboostingregressor__min_samples_leaf': 20, 'regressor__histgradientboostingregressor__max_leaf_nodes': 63, 'regressor__histgradientboostingregressor__max_iter': 500, 'regressor__histgradientboostingregressor__learning_rate': 0.2, 'regressor__histgradientboostingregressor__l2_regularization': 10.0}",0.5943313183050469,0.5069867151963604,0.35120939006391705,0.6683332380975768,0.5185229951347626,0.5278767313595327,0.10571610761683847,24
0.4905034065246582,0.032823951557165915,0.05620694160461426,0.004616834579000604,20,31,300,0.2,0.1,"{'regressor__histgradientboostingregressor__min_samples_leaf': 20, 'regressor__histgradientboostingregressor__max_leaf_nodes': 31, 'regressor__histgradientboostingregressor__max_iter': 300, 'regressor__histgradientboostingregressor__learning_rate': 0.2, 'regressor__histgradientboostingregressor__l2_regularization': 0.1}",0.5916740568456876,0.5248313386287928,0.3503636913571826,0.6753100588385894,0.5290267694679998,0.5342411830276503,0.10688838097844447,20
0.4898569107055664,0.03371988336333574,0.07674522399902343,0.0127306419141846,50,31,300,0.1,1.0,"{'regressor__histgradientboostingregressor__min_samples_leaf': 50, 'regressor__histgradientboostingregressor__max_leaf_nodes': 31, 'regressor__histgradientboostingregressor__max_iter': 300, 'regressor__histgradientboostingregressor__learning_rate': 0.1, 'regressor__histgradientboostingregressor__l2_regularization': 1.0}",0.6159337172071839,0.5010616962388376,0.29246326697350356,0.636056622204078,0.5185034342592978,0.5128037473765802,0.12210434171661962,33
0.8036341190338134,0.01129228513240622,0.09656829833984375,0.004004272586580048,50,63,300,0.05,1.0,"{'regressor__histgradientboostingregressor__min_samples_leaf': 50, 'regressor__histgradientboostingregressor__max_leaf_nodes': 63, 'regressor__histgradientboostingregressor__max_iter': 300, 'regressor__histgradientboostingregressor__learning_rate': 0.05, 'regressor__histgradientboostingregressor__l2_regularization': 1.0}",0.603497656985609,0.47965066850308813,0.3375900213432067,0.6292244007997838,0.5124656408912605,0.5124856777045895,0.10351592987300132,34
1.6907642841339112,0.09751457603265552,0.1165339469909668,0.017432985625304258,20,127,300,0.03,10.0,"{'regressor__histgradientboostingregressor__min_samples_leaf': 20, 'regressor__histgradientboostingregressor__max_leaf_nodes': 127, 'regressor__histgradientboostingregressor__max_iter': 300, 'regressor__histgradientboostingregressor__learning_rate': 0.03, 'regressor__histgradientboostingregressor__l2_regularization': 10.0}",0.6237991079139795,0.5290631682357829,0.3742245571023972,0.6480274526172933,0.5559304731957468,0.54620895181304,0.09628536475109042,17
0.5072095394134521,0.016745138190671575,0.07318277359008789,0.010779501783435686,50,31,300,0.03,0.1,"{'regressor__histgradientboostingregressor__min_samples_leaf': 50, 'regressor__histgradientboostingregressor__max_leaf_nodes': 31, 'regressor__histgradientboostingregressor__max_iter': 300, 'regressor__histgradientboostingregressor__learning_rate': 0.03, 'regressor__histgradientboostingregressor__l2_regularization': 0.1}",0.6257065306007445,0.5330985239878652,0.3829028817261615,0.6762502045115346,0.5657431269224914,0.5567402535497594,0.09989833902256652,14
0.5623311042785645,0.044815238236756115,0.03466081619262695,0.001968289643815938,20,127,100,0.05,10.0,"{'regressor__histgradientboostingregressor__min_samples_leaf': 20, 'regressor__histgradientboostingregressor__max_leaf_nodes': 127, 'regressor__histgradientboostingregressor__max_iter': 100, 'regressor__histgradientboostingregressor__learning_rate': 0.05, 'regressor__histgradientboostingregressor__l2_regularization': 10.0}",0.6300194278922082,0.5356954434105141,0.38970991757813644,0.6579894599408492,0.5710622831007548,0.5568953063844926,0.0939875062753326,13
0.26261353492736816,0.006033427498793182,0.04125523567199707,0.00047170034634294724,20,15,300,0.2,1.0,"{'regressor__histgradientboostingregressor__min_samples_leaf': 20, 'regressor__histgradientboostingregressor__max_leaf_nodes': 15, 'regressor__histgradientboostingregressor__max_iter': 300, 'regressor__histgradientboostingregressor__learning_rate': 0.2, 'regressor__histgradientboostingregressor__l2_regularization': 1.0}",0.5991346326604017,0.5259243282841894,0.3351554529434102,0.7007727044686203,0.45916911054875076,0.5240312457810745,0.12390545380092313,28
0.8608807563781739,0.0658414070925403,0.13357815742492676,0.0034614318900028623,100,31,500,0.05,0.0,"{'regressor__histgradientboostingregressor__min_samples_leaf': 100, 'regressor__histgradientboostingregressor__max_leaf_nodes': 31, 'regressor__histgradientboostingregressor__max_iter': 500, 'regressor__histgradientboostingregressor__learning_rate': 0.05, 'regressor__histgradientboostingregressor__l2_regularization': 0.0}",0.601306447646538,0.5207670504388298,0.3354017895207909,0.633388064143809,0.519676919511814,0.5221080542523563,0.10346261558169627,30
0.3047634124755859,0.041486687286239936,0.05230813026428223,0.0029212461065756716,20,15,300,0.03,0.1,"{'regressor__histgradientboostingregressor__min_samples_leaf': 20, 'regressor__histgradientboostingregressor__max_leaf_nodes': 15, 'regressor__histgradientboostingregressor__max_iter': 300, 'regressor__histgradientboostingregressor__learning_rate': 0.03, 'regressor__histgradientboostingregressor__l2_regularization': 0.1}",0.6281764455789276,0.5574113039198807,0.36864809354464767,0.7136494985170272,0.5538741305247299,0.5643518944170426,0.11386068762267877,11
1.483403730392456,0.1497190186738135,0.17040753364562988,0.007575030238594113,50,63,500,0.05,0.1,"{'regressor__histgradientboostingregressor__min_samples_leaf': 50, 'regressor__histgradientboostingregressor__max_leaf_nodes': 63, 'regressor__histgradientboostingregressor__max_iter': 500, 'regressor__histgradientboostingregressor__learning_rate': 0.05, 'regressor__histgradientboostingregressor__l2_regularization': 0.1}",0.5998574470649691,0.4735613598003984,0.3227389313535288,0.6085671954872051,0.5175939058612784,0.5044637679134759,0.10400841622398804,38
0.33717761039733884,0.05725421230837366,0.061181831359863284,0.01218563053828335,50,15,300,0.03,0.1,"{'regressor__histgradientboostingregressor__min_samples_leaf': 50, 'regressor__histgradientboostingregressor__max_leaf_nodes': 15, 'regressor__histgradientboostingregressor__max_iter': 300, 'regressor__histgradientboostingregressor__learning_rate': 0.03, 'regressor__histgradientboostingregressor__l2_regularization': 0.1}",0.6329736625111341,0.5720269299853801,0.4073081008880586,0.6881402912750069,0.5790941693535998,0.5759086308026358,0.09413152224504616,5
0.1870776653289795,0.02336986172681738,0.024545049667358397,0.0012587572338068657,50,31,100,0.03,10.0,"{'regressor__histgradientboostingregressor__min_samples_leaf': 50, 'regressor__histgradientboostingregressor__max_leaf_nodes': 31, 'regressor__histgradientboostingregressor__max_iter': 100, 'regressor__histgradientboostingregressor__learning_rate': 0.03, 'regressor__histgradientboostingregressor__l2_regularization': 10.0}",0.5898679066955608,0.5514371457821825,0.4997013940963603,0.6993653062529661,0.5845746557662372,0.5849892817186613,0.06558295126874322,3
0.18334250450134276,0.01699979011160895,0.030157804489135742,0.0037955609572785176,200,127,100,0.05,10.0,"{'regressor__histgradientboostingregressor__min_samples_leaf': 200, 'regressor__histgradientboostingregressor__max_leaf_nodes': 127, 'regressor__histgradientboostingregressor__max_iter': 100, 'regressor__histgradientboostingregressor__learning_rate': 0.05, 'regressor__histgradientboostingregressor__l2_regularization': 10.0}",0.6475389005963805,0.5610979159616853,0.36310309524851225,0.6979750092761299,0.5824073959259872,0.570424463401739,0.11439274717276393,8
1.3525182247161864,0.07511862621159753,0.11926584243774414,0.008212039458891084,20,63,500,0.1,0.1,"{'regressor__histgradientboostingregressor__min_samples_leaf': 20, 'regressor__histgradientboostingregressor__max_leaf_nodes': 63, 'regressor__histgradientboostingregressor__max_iter': 500, 'regressor__histgradientboostingregressor__learning_rate': 0.1, 'regressor__histgradientboostingregressor__l2_regularization': 0.1}",0.6131416056525882,0.49571577365374053,0.3572718317552259,0.6424032882796835,0.5128826060315743,0.5242830210745625,0.1006846959811008,27
0.8436282634735107,0.019420868718538285,0.15157079696655273,0.011055419206864724,200,127,500,0.03,1.0,"{'regressor__histgradientboostingregressor__min_samples_leaf': 200, 'regressor__histgradientboostingregressor__max_leaf_nodes': 127, 'regressor__histgradientboostingregressor__max_iter': 500, 'regressor__histgradientboostingregressor__learning_rate': 0.03, 'regressor__histgradientboostingregressor__l2_regularization': 1.0}",0.6248898759430235,0.5068207386445167,0.2662803257598141,0.6723741128489718,0.5513709909086348,0.5243472088209922,0.1411784475875828,26
0.8115109920501709,0.05270150462212689,0.07476787567138672,0.00431392714474375,20,63,300,0.1,0.0,"{'regressor__histgradientboostingregressor__min_samples_leaf': 20, 'regressor__histgradientboostingregressor__max_leaf_nodes': 63, 'regressor__histgradientboostingregressor__max_iter': 300, 'regressor__histgradientboostingregressor__learning_rate': 0.1, 'regressor__histgradientboostingregressor__l2_regularization': 0.0}",0.6115883239105548,0.4783569637505515,0.3473118512717085,0.656377794687353,0.5230991996016985,0.5233468266443733,0.10816308236643561,29
0.5229319095611572,0.02636191412503398,0.09695639610290527,0.005819123098169393,200,63,300,0.2,0.1,"{'regressor__histgradientboostingregressor__min_samples_leaf': 200, 'regressor__histgradientboostingregressor__max_leaf_nodes': 63, 'regressor__histgradientboostingregressor__max_iter': 300, 'regressor__histgradientboostingregressor__learning_rate': 0.2, 'regressor__histgradientboostingregressor__l2_regularization': 0.1}",0.6127410866686591,0.4906034027306766,0.27264052074258893,0.6318269696905068,0.45241547124286985,0.4920454902150603,0.1294738951734283,40
1.4456654071807862,0.08803030847206637,0.16013660430908203,0.007431933468498302,50,63,500,0.03,1.0,"{'regressor__histgradientboostingregressor__min_samples_leaf': 50, 'regressor__histgradientboostingregressor__max_leaf_nodes': 63, 'regressor__histgradientboostingregressor__max_iter': 500, 'regressor__histgradientboostingregressor__learning_rate': 0.03, 'regressor__histgradientboostingregressor__l2_regularization': 1.0}",0.6100950938475524,0.4869361192264676,0.3304393415011164,0.616856839020252,0.5173850241864824,0.5123424835563741,0.10415227983180618,35
0.5059108257293701,0.0029151397115230663,0.036954307556152345,0.0018797322648299224,20,127,100,0.1,0.1,"{'regressor__histgradientboostingregressor__min_samples_leaf': 20, 'regressor__histgradientboostingregressor__max_leaf_nodes': 127, 'regressor__histgradientboostingregressor__max_iter': 100, 'regressor__histgradientboostingregressor__learning_rate': 0.1, 'regressor__histgradientboostingregressor__l2_regularization': 0.1}",0.6307924618163324,0.5406804864539868,0.31630699491155845,0.6291742604920434,0.5503997407375056,0.5334707888822854,0.11500377825323259,22
0.3090383052825928,0.031174525143398392,0.07080965042114258,0.0077496636786780725,200,15,300,0.05,0.0,"{'regressor__histgradientboostingregressor__min_samples_leaf': 200, 'regressor__histgradientboostingregressor__max_leaf_nodes': 15, 'regressor__histgradientboostingregressor__max_iter': 300, 'regressor__histgradientboostingregressor__learning_rate': 0.05, 'regressor__histgradientboostingregressor__l2_regularization': 0.0}",0.640027055313126,0.5365991209437485,0.3603245511620101,0.6616618775002333,0.5667224034321778,0.5530670016702592,0.1067353842986707,15
0.10218095779418945,0.0019376307641540847,0.021374940872192383,0.0008546728848874812,100,15,100,0.2,0.1,"{'regressor__histgradientboostingregressor__min_samples_leaf': 100, 'regressor__histgradientboostingregressor__max_leaf_nodes': 15, 'regressor__histgradientboostingregressor__max_iter': 100, 'regressor__histgradientboostingregressor__learning_rate': 0.2, 'regressor__histgradientboostingregressor__l2_regularization': 0.1}",0.6350796750271277,0.5044403960718837,0.3207956097483209,0.6921265695404825,0.5653610484670257,0.5435606597709681,0.12812297154677474,19
0.11284303665161133,0.009159191045913801,0.022740507125854494,0.002161002667184089,200,15,100,0.03,10.0,"{'regressor__histgradientboostingregressor__min_samples_leaf': 200, 'regressor__histgradientboostingregressor__max_leaf_nodes': 15, 'regressor__histgradientboostingregressor__max_iter': 100, 'regressor__histgradientboostingregressor__learning_rate': 0.03, 'regressor__histgradientboostingregressor__l2_regularization': 10.0}",0.5917227599700261,0.5695329396859012,0.5136370058541981,0.6787657903960933,0.5768333231432083,0.5860983638098853,0.053347518094136924,2
0.30103201866149903,0.021646293191600146,0.06063823699951172,0.003835900158953651,100,15,300,0.05,0.0,"{'regressor__histgradientboostingregressor__min_samples_leaf': 100, 'regressor__histgradientboostingregressor__max_leaf_nodes': 15, 'regressor__histgradientboostingregressor__max_iter': 300, 'regressor__histgradientboostingregressor__learning_rate': 0.05, 'regressor__histgradientboostingregressor__l2_regularization': 0.0}",0.6358700189806978,0.5448351228053758,0.4066514182838755,0.6801784697768787,0.5844888654302192,0.5704047790554094,0.09381182525334264,9
0.16813983917236328,0.008179103135277203,0.024856185913085936,0.0007559341834682357,100,31,100,0.03,10.0,"{'regressor__histgradientboostingregressor__min_samples_leaf': 100, 'regressor__histgradientboostingregressor__max_leaf_nodes': 31, 'regressor__histgradientboostingregressor__max_iter': 100, 'regressor__histgradientboostingregressor__learning_rate': 0.03, 'regressor__histgradientboostingregressor__l2_regularization': 10.0}",0.6066845448982086,0.5615997445647474,0.4781461165909354,0.6934435354323318,0.5754483242197772,0.5830644531412,0.06966785057763202,4
0.6435471057891846,0.019703762571402432,0.09527978897094727,0.002747286387535058,100,127,300,0.05,0.0,"{'regressor__histgradientboostingregressor__min_samples_leaf': 100, 'regressor__histgradientboostingregressor__max_leaf_nodes': 127, 'regressor__histgradientboostingregressor__max_iter': 300, 'regressor__histgradientboostingregressor__learning_rate': 0.05, 'regressor__histgradientboostingregressor__l2_regularization': 0.0}",0.6196226466229688,0.4988434199353068,0.2982783466122326,0.6559805537429141,0.5143888339240168,0.5174227601674878,0.12491737231978131,31
