culture,n,RMSLE,médiane |d|,RMSLE / médiane,biais,σ,sous-estime ×
Plantains and others,46,0.235,0.195,1.206,0.114,0.205,1.121
Yams,115,0.351,0.231,1.521,-0.079,0.342,0.924
"Rice, paddy",299,0.478,0.397,1.203,0.155,0.452,1.168
Potatoes,478,0.523,0.392,1.336,-0.057,0.52,0.945
Cassava,138,0.57,0.242,2.358,0.158,0.547,1.171
Maize,488,0.643,0.396,1.626,0.003,0.643,1.003
Sorghum,321,0.721,0.443,1.627,-0.098,0.714,0.906
Wheat,442,0.73,0.438,1.667,0.163,0.711,1.177
Sweet potatoes,253,0.984,0.554,1.776,-0.09,0.98,0.914
Soybeans,241,1.192,0.265,4.506,-0.33,1.146,0.719
